doi,lat,lng,HWSD_soil,slate_weather,topsoil_texture,landcover,growing_degree_days,soil_depth,old_elevation,new_elevation,africa_sis_sca,africa_sis_twi,slope,precipitation,aridity_index,country,aspect,worldkgeiger,fao_lgp,cereals_suitability_low_input,cereals_suitability_hight_input,namibia_slope (%),namibia_slope_reclassofied,namibia_plane_curvature,namibia_profile_curvature,namibia_dem,namibia_curvature
KS1011,-18.18889418,21.01712239,18687,155922,13,43,6422,40,1080,1081,1242,18,0,583,3163,516,90,6,5,5,3,0.38385132,1,0.017476061,-0.005825354,1082,0.023301415
KS1012,-18.30902876,20.79888342,18606,155921,13,43,6340,40,1091,1092,278,15,0,573,3107,516,63,6,5,5,4,1.228923798,1,0,0,1091,0
KS1071,-18.18165719,21.02204775,18687,155922,13,43,6422,40,1082,1081,92,14,0,584,3163,516,172,6,5,5,3,0.959628284,1,0,0,1081,0
KS1072,-18.31604638,20.79791522,18606,155921,13,43,6340,40,1091,1091,92,14,0,573,3107,516,180,6,5,5,4,0.542847753,1,0,-0.011650708,1091,0.011650708
KS11b,-18.19074,21.01196844,18687,155922,13,43,6422,40,1082,1082,93,15,0,583,3163,516,252,6,5,5,3,0.429158807,1,0,0.011650708,1082,-0.011650708
KS211,-18.18086825,20.99813766,18687,155921,13,43,6340,40,1081,1081,278,36,0,583,3163,516,225,6,5,5,3,0.19192566,1,0,0,1081,0
KS212,-18.29950797,20.79652333,18606,155921,13,43,6340,40,1091,1091,185,14,0,574,3112,516,172,6,5,5,4,0.542847753,1,0,0.011650708,1091,-0.011650708
KS21b,-18.29811176,20.79549021,18606,155921,13,43,6340,40,1091,1091,1391,17,0,574,3112,516,297,6,5,5,4,0.429158807,1,-0.023301415,0.011650708,1090,-0.034952123
KS231,-18.2009362,21.01702977,18687,155922,13,31,6422,40,1080,1081,278,15,0,582,3159,516,117,6,5,5,3,0.606922209,1,0,0.011650708,1080,-0.011650708
KS232,-18.28077294,20.84444984,18606,155921,13,58,6340,40,1089,1090,93,14,0,577,3119,516,0,6,5,5,4,0.429158807,1,0.008738031,-0.014563384,1090,0.023301415
KS271,-18.18164802,21.02095952,18687,155922,13,43,6422,40,1082,1081,184,14,0,584,3163,516,180,6,5,5,3,1.085695505,1,0,0,1081,0
KS272,-18.31807313,20.7991437,18606,155921,13,43,6340,40,1090,1090,3464,19,0,570,3089,516,270,6,5,5,4,0.19192566,1,0,0,1090,0
KS851,-18.19078822,21.02138875,18687,155922,13,43,6422,40,1080,1082,65,14,0,583,3163,516,315,6,5,5,3,0.271423876,1,0.023301415,-0.011650708,1082,0.034952123
KS852,-18.31000636,20.79793266,18606,155921,13,43,6340,40,1091,1091,392,16,0,573,3107,516,207,6,5,5,4,0.429158807,1,0.023301415,-0.011650708,1092,0.034952123
KS911,-18.18344355,21.02286204,18687,155922,13,43,6422,40,1080,1081,92,15,0,583,3163,516,0,6,5,5,3,0,1,0,0,1081,0.04660283
KS912,-18.31803212,20.79865659,18606,155921,13,43,6340,40,1090,1090,3464,19,0,570,3089,516,45,6,5,5,4,0.19192566,1,0,0,1090,0
KS931,-18.19825257,20.99265393,18687,155921,13,31,6340,40,1081,1082,92,15,0,581,3152,516,72,6,5,5,3,0.271423876,1,0,-0.011650708,1082,0.011650708
KS932,-18.29065956,20.82194223,18606,155921,13,58,6340,40,1089,1090,65535,22,0,575,3114,516,198,6,5,5,4,0.606922209,1,0,0.011650708,1090,-0.011650708
KS951,-18.19163414,20.99374739,18687,155921,13,43,6340,40,1081,1081,371,16,0,582,3161,516,45,6,5,5,3,0.38385132,1,-0.011650708,0.011650708,1081,-0.023301415
KS952,-18.27984735,20.83109635,18606,155921,13,58,6340,40,1089,1088,93,15,0,575,3119,516,45,6,5,5,4,0.429158807,1,0,0.011650708,1088,-0.011650708
KS971,-18.17178361,21.01019695,18687,155922,13,43,6422,40,1082,1083,196,16,0,585,3167,516,8,6,5,5,3,0.858317614,1,-0.009320566,0.002330142,1083,-0.011650708
KS972,-18.30599807,20.78288953,18606,155921,13,43,6340,40,1093,1092,92,14,0,573,3105,516,315,6,5,5,4,0.38385132,1,-0.005825354,0.017476061,1092,-0.023301415
KS991,-18.18194552,20.99156993,18687,155921,13,43,6340,40,1081,1081,196,36,0,583,3157,516,180,6,5,5,3,0.19192566,1,0,0,1081,0
KS992,-18.27912287,20.79192719,18606,155921,13,58,6340,40,1091,1092,392,17,0,576,3125,516,90,6,5,5,4,0.542847753,1,0.023301415,-0.011650708,1092,0.034952123
NY1091,-17.82616667,18.69852837,18615,155197,13,43,6366,40,1128,1127,196,14,0,564,2957,516,180,6,6,5,4,1.628543258,1,0,-0.011650708,1127,0.011650708
NY1092,-17.81607635,18.55724361,18615,155197,13,43,6366,40,1128,1130,65,14,0,578,3034,516,326,6,6,5,4,0.978632689,1,0.011650708,-0.011650708,1130,0.023301415
NY1111,-17.80265216,18.74169625,18606,155197,13,43,6366,40,1128,1127,184,14,0,562,2945,516,329,6,6,5,4,0.978632689,1,0.005825354,0.005825354,1127,0
NY1112,-17.79017856,18.52084084,18606,155197,13,43,6366,40,1133,1133,276,15,0,584,3055,516,90,6,6,5,4,0.542847753,1,0.023301415,-0.011650708,1133,0.034952123
NY1131,-17.80671459,18.69268941,18617,155197,13,43,6366,40,1110,1103,645,14,0,562,2934,516,13,6,6,5,4,5.004808903,3,-0.000548269,0.011102439,1104,-0.011650708
NY1132,-17.80013334,18.52937701,18617,155197,13,43,6366,40,1114,1114,276,13,0,577,3009,516,185,6,6,5,4,6.761124611,3,0.024246067,-0.022356763,1115,0.04660283
NY1151,-17.82225277,18.66970113,18615,155197,13,43,6366,40,1127,1126,65535,21,0,565,2961,516,225,6,6,5,4,0.606922209,1,-0.011650708,0.011650708,1126,-0.023301415
NY1152,-17.78668875,18.55666852,18606,155197,13,43,6366,40,1130,1130,184,14,0,580,3035,516,198,6,6,5,4,0.429158807,1,0,0.011650708,1130,-0.011650708
NY1171,-17.79707241,18.68407646,18606,155197,13,43,6366,40,1127,1126,92,14,0,564,2952,516,157,6,6,5,4,1.033551335,1,0.006990425,-0.004660283,1126,0.011650708
NY1172,-17.7841105,18.53197737,18606,155197,13,43,6366,40,1131,1131,93,15,0,583,3052,516,180,6,6,5,4,0.19192566,1,0,0,1131,0.023301415
NY1191,-17.80598181,18.69835278,18617,155197,13,43,6366,40,1110,1098,3617,17,0,562,2934,516,191,6,6,5,4,0.691997826,1,0,0.034952123,1098,-0.034952123
NY1192,-17.79967287,18.52774364,18606,155197,13,43,6366,40,1129,1118,369,13,0,582,3042,516,184,6,6,5,4,6.379904747,3,0.023301415,-0.023301415,1114,0.04660283
NY1211,-17.82037457,18.6671304,18615,155197,13,43,6366,40,1127,1127,184,14,0,565,2961,516,207,6,6,5,4,1.033551335,1,0.011650708,0,1127,0.011650708
NY1212 ,-17.78256373,18.55768376,18606,155197,13,43,6366,40,1133,1133,65,14,0,580,3035,516,90,6,6,5,4,0.542847753,1,0,0.011650708,1132,-0.011650708
NY1231,-17.80167778,18.70366851,18617,155197,13,43,6366,40,1125,1124,65,13,0,563,2931,516,217,6,6,5,4,0.858317614,1,0,0.011650708,1124,-0.011650708
NY1232,-17.79535773,18.5094853,18606,155197,13,43,6366,40,1132,1132,185,14,0,584,3055,516,149,6,6,5,4,0.978632689,1,-0.004660283,0.03029184,1131,-0.034952123
NY1251,-17.81456172,18.71963289,18617,155197,13,43,6366,40,1098,1099,1298,15,0,555,2899,516,68,6,6,5,4,1.81062305,1,-0.010965372,0.023986751,1097,-0.034952123
NY1252,-17.80351882,18.51451075,18617,155197,13,43,6366,40,1103,1105,1577,16,0,579,3020,516,167,6,6,5,4,2.833748341,2,-0.008065875,0.038536955,1105,-0.04660283
NY151,-17.83182711,18.69065581,18615,155197,13,43,6366,40,1127,1137,65,36,0,563,2961,516,101,6,6,5,4,0.429158807,1,0,-0.011650708,1137,0.011650708
NY152,-17.81839245,18.50855168,18615,155197,13,43,6366,40,1130,1131,93,36,0,581,3040,516,0,6,6,5,4,0,1,0,0,1131,0
NY171,-17.80803989,18.73590996,18606,155197,13,43,6366,40,1128,1129,185,15,0,562,2945,516,198,6,6,5,4,0.606922209,1,0,-0.011650708,1128,0.011650708
NY172,-17.79482479,18.50901119,18606,155197,13,43,6366,40,1132,1132,92,13,0,584,3055,516,149,6,6,5,4,0.959628284,1,0.023301415,-0.023301415,1134,0.04660283
NY191,-17.80626563,18.70660351,18617,155197,13,43,6366,40,1125,1105,921,14,0,563,2931,516,191,6,6,5,4,5.802379608,3,-0.000372823,0.011277885,1105,-0.011650708
NY192,-17.80280662,18.51894047,18617,155197,13,43,6366,40,1101,1105,65535,26,0,576,3020,516,325,6,6,5,4,1.151553988,1,0.005825354,0.029126769,1104,-0.023301415
OH351,-18.0791824,14.02044194,18673,155908,5,41,4888,40,1344,1343,93,13,0,353,2111,516,264,6,5,6,6,2.342751265,2,0.010530448,-0.012770968,1344,0.023301415
OH352,-18.16489598,14.05866291,18673,155908,5,41,4888,14,1311,1330,131,11,0,346,2066,516,107,6,5,6,6,20.46327209,5,0.061541189,0.014938358,1339,0.04660283
OH391,-18.09715984,14.06569889,18673,155908,5,41,4888,14,1307,1306,92,15,1,350,2074,516,18,6,5,6,6,0.691997826,1,0,-0.011650708,1307,0.011650708
OH392,-18.16361641,14.01724963,18681,155908,13,41,4888,14,1334,1337,92,13,0,344,2063,516,15,6,5,6,6,1.582659483,1,0.01514592,-0.008155495,1338,0.023301415
OH411,-18.13625087,14.03705775,18681,155908,13,41,4888,14,1320,1319,65535,22,0,346,2059,516,72,6,5,6,6,0.429158807,1,0.023301415,-0.034952123,1321,0.058253538
OH412,-18.14440111,14.04218466,18673,155908,5,41,4888,14,1317,1317,196,16,0,346,2068,516,135,6,5,6,6,0.38385132,1,0,0.011650708,1317,-0.011650708
OH431,-18.12706526,14.04579811,18673,155908,5,41,4888,14,1394,1381,131,11,0,359,2120,516,49,6,5,6,6,15.03036499,5,0.02014284,-0.084713526,1403,0.104856372
OH432,-18.14619796,14.05584645,18673,155908,5,41,4888,14,1334,1369,92,11,1,349,2104,516,178,6,5,6,6,5.579064846,3,0.070914425,-0.1271476,1368,0.198062032
OH471,-18.10828925,14.01902407,18681,155908,13,41,4888,14,1335,1332,65,14,0,349,2084,516,151,6,5,6,6,0.791329741,1,-0.008738031,-0.008738031,1333,0
OH472,-18.1620839,14.04818482,18601,155908,13,41,4888,14,1316,1315,93,14,0,346,2058,516,45,6,5,6,6,0.767702639,1,0,0,1316,0
OH511,-18.10355337,14.03722439,18673,155908,5,41,4888,14,1408,1390,1014,14,0,360,2150,516,13,6,5,6,6,16.13660049,5,0.004119398,0.155578598,1399,-0.151459202
OH512,-18.12794548,14.06193839,18673,155908,5,41,4888,14,1309,1314,184,13,0,347,2059,516,119,6,5,6,6,3.838513136,2,0.003978291,0.038930412,1311,-0.034952123
OH551,-18.13509051,14.02127939,18681,155908,13,41,4888,14,1330,1331,65,14,0,346,2066,516,27,6,5,6,6,1.119109273,1,0.023301415,0,1331,0.023301415
OH552,-18.1669311,14.03916463,18601,155908,13,41,4888,14,1324,1324,92,15,0,344,2057,516,315,6,5,6,6,0.429158807,1,0,-0.011650708,1324,0.011650708
OH571,-18.1197515,14.02860416,18681,155908,13,41,4888,14,1327,1327,261,16,0,349,2081,516,180,6,5,6,6,0.542847753,1,0,-0.011650708,1327,0.011650708
OH572,-18.16018608,14.0508336,18673,155908,5,41,4888,14,1314,1315,553,15,1,346,2076,516,230,6,5,6,6,4.990067005,2,0.005825354,0.075729601,1316,-0.069904245
OH591,-18.1332159,14.04657384,18673,155908,5,41,4888,14,1394,1390,65,11,0,359,2120,516,29,6,5,6,6,10.25860119,4,-0.001491088,-0.199553117,1393,0.198062032
OH592,-18.13752512,14.05205569,18673,155908,5,41,4888,14,1313,1389,92,11,0,348,2082,516,37,6,5,6,6,14.87888145,4,0.117256872,-0.092455864,1384,0.209712744
OH611,-18.12503826,14.03772885,18673,155908,5,41,4888,14,1323,1330,184,12,1,348,2072,516,249,6,5,6,6,7.73677063,3,0.010947648,0.057550479,1330,-0.04660283
OH612,-18.15100636,14.04712618,18601,155908,13,41,4888,14,1316,1317,261,13,1,346,2058,516,251,6,5,6,6,7.12455368,3,-0.002741343,0.102115028,1318,-0.104856372
OH631,-18.10585426,14.06566358,18673,155908,5,41,4888,14,1311,1310,184,14,0,350,2075,516,270,6,5,6,6,0.429158807,1,0,0,1310,0
OH632,-18.15722186,14.0257703,18681,155908,13,41,4888,14,1326,1329,92,14,0,346,2065,516,31,6,5,6,6,0.959628284,1,-0.002912677,-0.002912677,1329,0
OH651,-18.13972207,14.04051844,18681,155908,13,41,4888,14,1320,1320,93,14,0,346,2059,516,162,6,5,6,6,0.858317614,1,0.009320566,-0.002330142,1319,0.011650708
OH652,-18.14173084,14.0421537,18673,155908,5,41,4888,14,1317,1319,93,14,0,346,2068,516,225,6,5,6,6,0.19192566,1,0,0,1319,0.04660283
OK101,-17.99114287,14.60553176,18608,155189,13,41,5586,40,1129,1131,131,15,0,387,2120,516,90,6,5,6,5,0.271423876,1,0,0,1131,0
OK102,-17.93611142,14.53566889,18608,155189,13,41,5586,40,1139,1138,65535,36,0,383,2111,516,225,6,5,6,5,0.429158807,1,-0.008738031,0.014563384,1138,-0.023301415
OK121,-18.01894621,14.58829489,18608,155909,13,51,5469,40,1139,1139,5286,18,0,386,2123,516,29,6,5,6,5,0.691997826,1,0,-0.011650708,1139,0.011650708
OK122,-17.94642893,14.56250198,18608,155189,13,41,5586,40,1143,1145,93,13,0,387,2126,516,342,6,5,6,5,1.119109273,1,-0.009320566,0.002330142,1144,-0.011650708
OK1271,-17.99834331,14.58039508,18608,155189,13,41,5586,40,1136,1135,65535,23,0,384,2107,516,162,6,5,6,5,0.429158807,1,0,0,1135,-0.04660283
OK1272,-17.96628068,14.51553661,18608,155189,13,41,5586,40,1148,1149,196,16,0,379,2096,516,333,6,5,6,5,0.606922209,1,-0.011650708,0.011650708,1149,-0.023301415
OK1291,-18.0054298,14.57790247,18608,155909,13,41,5469,40,1137,1137,92,14,0,384,2106,516,135,6,5,6,5,0.271423876,1,0,0,1137,0
OK1292,-17.92226495,14.49482023,18608,155188,13,41,5152,40,1144,1144,93,13,0,378,2091,516,56,6,5,6,5,0.978632689,1,-0.004660283,-0.01631099,1144,0.011650708
OK1311,-17.98668947,14.59925991,18608,155189,13,41,5586,40,1132,1131,7976,18,0,386,2117,516,169,6,5,6,5,0.606922209,1,0,-0.011650708,1131,0.011650708
OK1312,-17.94724533,14.52814784,18608,155189,13,41,5586,40,1143,1142,196,36,0,382,2108,516,45,6,5,6,5,0.429158807,1,0,-0.011650708,1143,0.011650708
OK1331,-17.9830861,14.6040747,18608,155189,13,41,5586,40,1130,1129,92,15,0,387,2121,516,135,6,5,6,5,0.542847753,1,0,-0.011650708,1130,0.011650708
OK1332,-17.94482864,14.52863639,18608,155189,13,41,5586,40,1143,1142,93,15,0,382,2108,516,0,6,5,6,5,0.19192566,1,0,0,1142,0
OK1351,-17.99531364,14.60651901,18608,155189,13,41,5586,40,1130,1132,92,13,0,387,2121,516,225,6,5,6,5,0.978632689,1,0.004660283,-0.006990425,1131,0.011650708
OK1352 ,-17.93010723,14.53582296,18608,155189,13,41,5586,40,1138,1140,92,13,0,383,2109,516,198,6,5,6,5,0.429158807,1,0.023301415,-0.011650708,1140,0.034952123
OK1371,-18.01950571,14.58967958,18608,155909,13,51,5469,40,1139,1138,276,14,0,386,2123,516,18,6,5,6,5,1.28747642,1,-0.009903101,0.013398314,1138,-0.023301415
OK1372,-17.94862086,14.5655369,18608,155189,13,41,5586,40,1143,1142,92,13,0,387,2126,516,198,6,5,6,5,1.820766687,1,0.003584833,-0.008065875,1144,0.011650708
OK1391,-17.98242578,14.60358708,18608,155189,13,41,5586,40,1130,1130,92,15,0,387,2121,516,79,6,5,6,5,0.691997826,1,0,0.011650708,1130,-0.011650708
OK1392,-17.94146139,14.52777034,18608,155189,13,41,5586,40,1141,1142,261,15,0,382,2105,516,54,6,5,6,5,0.791329741,1,-0.008738031,0.014563384,1141,-0.023301415
OK1411,-17.99446944,14.60349741,18608,155189,13,41,5586,40,1130,1130,92,13,0,387,2121,516,126,6,5,6,5,1.167438149,1,0.002912677,0.002912677,1131,0
OK1412,-17.9243118,14.55824497,18608,155189,13,41,5586,40,1138,1140,93,14,0,385,2116,516,45,6,5,6,5,1.033551335,1,0.020971274,-0.01398085,1139,0.034952123
OK1431,-17.98357728,14.60347917,18608,155189,13,41,5586,40,1129,1130,588,16,0,387,2120,516,90,6,5,6,5,0.542847753,1,0,0.011650708,1130,-0.011650708
OK1432,-17.94421261,14.53601916,18608,155189,13,41,5586,40,1142,1142,458,17,0,383,2110,516,135,6,5,6,5,0.429158807,1,0,0.011650708,1142,-0.011650708
OK81,-18.0150203,14.57922186,18608,155909,13,41,5469,40,1138,1139,184,16,0,385,2118,516,0,6,5,6,5,0.542847753,1,0,-0.011650708,1139,0.011650708
OK82,-17.96752039,14.5208929,18608,155189,13,41,5586,40,1149,1150,93,13,0,379,2092,516,288,6,5,6,5,1.28747642,1,0.016893527,-0.006407889,1149,0.023301415
ON1451,-18.02790142,14.48735769,18608,155908,13,41,4888,40,1155,1155,10505,18,0,374,2077,516,90,6,5,6,5,0.542847753,1,0,0.011650708,1155,-0.011650708
ON1452,-18.05283527,14.54362165,18608,155909,13,51,5469,40,1150,1151,92,13,0,378,2083,516,90,6,5,6,5,1.357119322,1,0,0,1151,0
ON1471,-17.98060887,14.48841655,18608,155188,13,41,5152,40,1156,1156,93,15,0,376,2088,516,0,6,5,6,5,0.429158807,1,0,0.011650708,1156,-0.011650708
ON1472,-18.05157844,14.50280584,18608,155909,13,51,5469,40,1151,1150,184,16,0,374,2074,516,0,6,5,6,5,0.19192566,1,0,0,1150,0
ON1491,-18.00960866,14.45962616,18608,155908,13,41,4888,40,1164,1164,93,14,0,374,2082,516,236,6,5,6,5,0.429158807,1,0,-0.011650708,1164,0.011650708
ON1492,-18.03726652,14.53618185,18608,155909,13,51,5469,40,1150,1152,185,14,0,380,2104,516,180,6,5,6,5,1.085695505,1,0,0,1153,0
ON1511,-18.02398123,14.48449688,18608,155908,13,51,4888,40,1156,1157,92,15,0,375,2082,516,135,6,5,6,5,0.19192566,1,0,0,1157,0
ON1512,-18.05348267,14.53797939,18608,155909,13,51,5469,40,1152,1151,1298,16,0,378,2089,516,225,6,5,6,5,0.814271629,1,0.023301415,-0.023301415,1153,0.04660283
ON1531,-17.98608318,14.46399035,18608,155188,13,51,5152,40,1160,1161,92,15,0,372,2067,516,315,6,5,6,5,0.19192566,1,0,0,1161,0.023301415
ON1532,-18.04915609,14.5146268,18608,155909,13,51,5469,40,1151,1151,1503,18,0,377,2088,516,72,6,5,6,5,0.429158807,1,0,0.011650708,1151,-0.011650708
ON1551,-18.01257713,14.46089695,18608,155908,13,41,4888,40,1164,1163,184,14,0,374,2082,516,162,6,5,6,5,0.858317614,1,0.009320566,-0.025631556,1163,0.034952123
ON1552,-18.05001929,14.47885776,18608,155908,13,51,4888,40,1154,1153,2040,18,0,372,2070,516,162,6,5,6,5,0.542847753,1,0,0.011650708,1153,-0.011650708
ON1571,-18.02472714,14.48444861,18608,155908,13,41,4888,40,1156,1157,184,16,0,375,2082,516,135,6,5,6,5,0.19192566,1,0,0,1157,0
ON1572,-18.0538191,14.53811476,18608,155909,13,51,5469,40,1152,1152,1298,16,0,378,2089,516,275,6,5,6,5,0.791329741,1,-0.01631099,0.018641133,1151,-0.034952123
ON1591,-17.99122928,14.49798711,18608,155188,13,41,5152,40,1156,1155,93,15,0,379,2103,516,135,6,5,6,5,0.38385132,1,0,0.011650708,1155,-0.011650708
ON1592,-18.02709564,14.51596087,18608,155909,13,51,5469,40,1154,1153,327,15,0,377,2087,516,270,6,5,6,5,0.542847753,1,-0.023301415,0.011650708,1153,-0.034952123
ON1611,-18.00797787,14.48287207,18608,155908,13,41,4888,40,1158,1158,196,14,0,374,2077,516,158,6,5,6,5,0.429158807,1,0,0.011650708,1157,-0.011650708
ON1612,-18.02407521,14.54128117,18608,155909,13,41,5469,40,1150,1150,65535,22,0,380,2099,516,0,6,5,6,5,0.542847753,1,0,0.011650708,1150,-0.011650708
ON21,-18.01841691,14.49894351,18608,155908,13,41,4888,40,1155,1155,371,15,0,376,2090,516,0,6,5,6,5,0.606922209,1,-0.011650708,0.011650708,1155,-0.023301415
ON22,-18.05064802,14.49364212,18608,155908,13,51,4888,40,1150,1151,65535,24,0,373,2074,516,108,6,5,6,5,0.814271629,1,0,0.023301415,1150,-0.023301415
ON41,-18.02160048,14.45021065,18608,155908,13,51,4888,40,1162,1163,92,14,0,370,2058,516,225,6,5,6,5,0.767702639,1,0.01398085,0.002330142,1163,0.011650708
ON42,-18.04335387,14.47872767,18608,155908,13,51,4888,40,1154,1154,92,14,0,371,2061,516,45,6,5,6,5,0.429158807,1,0,0,1153,-0.023301415
ON61,-18.02993285,14.48129893,18608,155908,13,41,4888,40,1161,1161,93,15,0,373,2072,516,18,6,5,6,5,1.228923798,1,0.023301415,0,1160,0.023301415
ON62,-18.05054626,14.47885562,18608,155908,13,51,4888,40,1154,1153,2040,18,0,372,2070,516,162,6,5,6,5,0.542847753,1,0,0.011650708,1153,-0.011650708
OU291,-19.34472309,14.12386594,18642,157348,11,51,4772,14,870,871,371,15,0,216,1275,516,288,4,4,6,6,0.959628284,1,-0.023301415,0.011650708,871,-0.034952123
OU292,-19.36352504,14.11036298,18642,157348,11,51,4772,14,860,862,65,36,0,211,1257,516,288,4,4,6,6,0.38385132,1,0.023301415,-0.011650708,861,0.034952123
OU311,-19.35114681,14.14931664,18642,157348,11,51,4772,14,884,892,92,13,0,221,1310,516,18,4,4,6,6,1.119109273,1,0.018641133,-0.01631099,891,0.034952123
OU312,-19.3868518,14.12315643,18642,157348,11,51,4772,14,867,929,93,10,0,211,1300,516,343,4,4,6,6,22.63258553,5,0.161615521,0.080060564,917,0.081554957
OU331,-19.34061645,14.14994221,18642,157348,11,51,4772,14,890,895,93,12,0,223,1315,516,344,4,4,6,6,1.957265377,1,-0.01398085,0.03262198,890,-0.04660283
OU332,-19.36300902,14.12097595,18642,157348,11,51,4772,14,865,866,92,13,0,214,1276,516,252,4,4,6,6,0.858317614,1,-0.01398085,0.020971274,865,-0.034952123
OU671 ,-19.35052267,14.12502755,18642,157348,11,51,4772,14,876,872,185,14,0,217,1291,516,297,4,4,6,6,1.119109273,1,0.023301415,0,873,0.023301415
OU672 ,-19.37334041,14.11320417,18642,157348,11,51,4772,14,859,862,65,13,0,211,1258,516,304,4,4,6,6,1.033551335,1,0.011650708,0,861,0.011650708
OU691,-19.34015721,14.15464015,18642,157348,11,51,4772,14,902,917,65,11,0,227,1339,516,186,4,4,6,6,9.965359688,3,0.108448409,-0.019709375,911,0.12815778
OU692,-19.3788634,14.12029616,18642,157348,11,51,4772,14,864,870,92,12,0,211,1269,516,141,4,4,6,6,0.429158807,1,0.023301415,-0.034952123,869,0.058253538
OU711,-19.34475144,14.13029835,18642,157348,11,51,4772,14,876,879,184,13,0,218,1296,516,310,4,4,6,6,1.167438149,1,-0.011650708,0.023301415,876,-0.034952123
OU712,-19.35455834,14.11956998,18642,157348,11,51,4772,14,867,867,327,17,0,214,1276,516,281,4,4,6,6,1.383995652,1,0,0.023301415,867,-0.023301415
OU731,-19.35086221,14.12461712,18642,157348,11,51,4772,14,867,872,654,17,0,214,1276,516,301,4,4,6,6,1.033551335,1,0.006990425,-0.004660283,872,0.011650708
OU732,-19.3769585,14.11322624,18642,157348,11,51,4772,14,862,861,65535,22,0,211,1260,516,225,4,4,6,6,0.959628284,1,0,0,861,0
OU751,-19.35022921,14.14770427,18642,157348,11,51,4772,14,884,891,65,14,0,221,1310,516,180,4,4,6,6,0.978632689,1,0.029126769,-0.040777478,891,0.069904245
OU771,-19.34375444,14.15340209,18642,157348,11,51,4772,14,894,895,92,14,0,224,1326,516,18,4,4,6,6,0.429158807,1,0.023301415,-0.011650708,895,0.034952123
OU772,-19.37229672,14.11744767,18642,157348,11,51,4772,14,863,868,464,14,0,212,1269,516,259,4,4,6,6,6.379904747,3,0.008875098,0.078779347,866,-0.069904245
OU792,-19.36741207,14.10863517,18642,157348,11,51,4772,14,859,858,93,14,0,211,1258,516,288,4,4,6,6,0.542847753,1,0.023301415,-0.034952123,858,0.058253538
OU811,-19.33888231,14.15508737,18642,157348,11,51,4772,14,902,908,185,12,0,227,1339,516,58,4,4,6,6,10.28728676,4,0.049492206,0.026190791,911,0.023301415
OU812,-19.38498961,14.12315215,18642,157348,11,51,4772,14,867,886,276,12,0,211,1300,516,355,4,4,6,6,12.51202202,4,-0.028969327,0.087537751,881,-0.116507076
OU831,-19.34235516,14.15848216,18642,157348,11,51,4772,14,898,895,65535,24,1,228,1356,516,84,4,4,6,6,1.228923798,1,0,0.011650708,895,-0.011650708
OU832,-19.37705053,14.12087233,18642,157348,11,51,4772,14,864,868,92,13,0,211,1269,516,259,4,4,6,6,0.814271629,1,0,0,868,0
ang11,14.63325172,14.63325172,165,108389,13,51,7939,40,348,343,737,36,0,191,891,148,0,4,3,5,5,-1,-1,-1,-1,-1,-1
ang12,-17.95745017,14.6525311,18608,155189,13,41,5586,40,1123,1122,65535,23,0,396,2158,516,315,6,5,6,5,0.19192566,1,0,0,1122,0
ang13,-17.94543704,14.65214183,18608,155189,13,41,5586,40,1123,1126,92,14,0,396,2156,516,225,6,5,6,5,0.38385132,1,0,-0.011650708,1125,0.011650708
ang21,-18.08776903,14.45575884,18608,155908,13,41,4888,40,1184,1180,737,15,0,370,2067,516,45,6,5,6,5,1.461662292,1,-0.009320566,0.025631556,1180,-0.034952123
ang22,-18.07533231,14.46653776,18608,155908,13,51,4888,40,1166,1160,92,14,0,369,2060,516,108,6,5,6,5,0,1,0,0,1160,0
ang23,-18.11280732,14.44877512,18608,155908,13,41,4888,40,1189,1187,278,14,0,369,2075,516,45,6,5,6,5,1.547354102,1,0.000896208,-0.0107545,1189,0.011650708
anku11,-18.45580413,14.71493291,18608,155909,13,51,5469,40,1140,1140,92,14,0,362,1985,516,27,6,4,6,6,0.606922209,1,-0.011650708,0.011650708,1140,-0.023301415
anku12,-18.43128928,14.70804411,18608,155909,13,51,5469,40,1136,1141,92,14,0,363,1989,516,45,6,4,6,6,0.767702639,1,-0.005825354,0.017476061,1139,-0.023301415
anku13,-18.41233931,14.71817072,18608,155909,13,51,5469,40,1133,1133,93,14,0,366,2005,516,288,6,4,6,6,0.791329741,1,0.011650708,-0.023301415,1134,0.034952123
anku21,-18.54891083,14.83038414,18608,156629,13,51,5345,40,1128,1129,92,14,0,362,1965,516,45,6,4,6,6,0.767702639,1,0.009320566,-0.025631556,1129,0.034952123
anku22,-18.59515121,14.81694502,18608,156629,13,51,5345,40,1134,1134,5194,19,0,357,1943,516,135,6,4,6,6,0.19192566,1,0,0,1134,0
anku23,-18.53939995,14.80261534,18608,156629,13,51,5345,40,1132,1133,93,13,0,361,1965,516,34,6,4,6,6,1.033551335,1,0.011650708,0,1133,0.011650708
dum11,-18.22814984,20.89454429,18606,155921,13,43,6340,40,1086,1087,92,14,0,579,3139,516,90,6,5,5,4,0.542847753,1,0,-0.011650708,1087,0.011650708
dum12,-18.24291704,20.84463559,18606,155921,13,58,6340,40,1086,1086,184,15,0,579,3131,516,0,6,5,5,4,0,1,0,0,1086,-0.023301415
dum13,-18.26074674,20.84848874,18606,155921,13,43,6340,40,1088,1087,12057,19,0,577,3129,516,352,6,5,5,4,0.691997826,1,0,-0.011650708,1087,0.011650708
dum21,-18.21306529,20.92505186,18687,155921,13,43,6340,40,1084,1084,276,16,0,580,3145,516,180,6,5,5,3,0.271423876,1,0,0,1084,0
dum22,-18.19710494,20.93105123,18687,155921,13,43,6340,40,1084,1084,92,15,0,583,3154,516,18,6,5,5,3,0.38385132,1,0.017476061,-0.005825354,1084,0.023301415
dum23,-18.17759748,20.9582841,18687,155921,13,43,6340,40,1083,1083,65,15,0,582,3157,516,45,6,5,5,3,0,1,0,0,1084,0.04660283
ela11,-18.44082773,15.63707187,18614,155911,13,51,6277,40,1098,1100,93,13,0,414,2145,516,121,6,4,6,6,1.085695505,1,0,0.011650708,1100,-0.011650708
ela12,-18.47226547,15.63046133,18614,155911,13,51,6277,40,1105,1106,93,14,0,412,2140,516,121,6,4,6,6,0.814271629,1,0.023301415,0,1107,0.023301415
ela13,-18.44918747,15.66105864,18614,155911,13,51,6277,40,1100,1101,93,15,0,415,2147,516,225,6,4,6,6,0.429158807,1,0,0,1101,0.023301415
ela21,-18.48180513,15.5130841,18614,155911,13,51,6277,40,1100,1101,12348,36,0,404,2103,516,45,6,4,6,6,0,1,0,0,1101,0
ela22,-18.46838984,15.52182763,18614,155911,13,51,6277,40,1098,1101,184,36,0,406,2113,516,0,6,4,6,6,0,1,0,0,1101,0
ela23,-18.47435811,15.53182948,18614,155911,13,51,6277,40,1097,1101,184,36,0,407,2112,516,0,6,4,6,6,0,1,0,0,1101,0
eten11,-18.36074354,19.06423737,18615,155918,13,43,6328,40,1166,1167,93,15,0,533,2865,516,225,6,5,5,4,0.271423876,1,0,-0.011650708,1167,0.011650708
eten12,-18.35775075,19.05859678,18615,155918,13,43,6328,40,1165,1166,92,15,0,533,2862,516,0,6,5,5,4,0,1,0,0,1166,0
eten13,-18.33525104,19.12178576,18615,155918,13,94,6328,40,1166,1166,556,15,0,535,2876,516,0,6,5,5,3,0.542847753,1,0,0.011650708,1166,-0.011650708
eten21,-18.25534305,19.07051027,18615,155918,13,43,6328,40,1159,1159,184,16,0,535,2860,516,225,6,5,5,4,0.19192566,1,0,0,1159,0
eten22,-18.25307156,18.99160902,18615,155917,13,94,6369,40,1162,1162,93,36,0,537,2873,516,45,6,5,5,3,0.19192566,1,0,0,1162,0
eten23,-18.2721318,19.02135105,18615,155918,13,94,6328,40,1160,1160,92,14,0,536,2869,516,211,6,5,5,4,0.19192566,1,0,0,1159,-0.023301415
ethi11,-18.46411593,14.70039395,18608,155909,13,51,5469,40,1145,1145,92,14,0,362,1985,516,297,6,4,6,6,0.959628284,1,0.011650708,0,1145,0.011650708
ethi12,-18.49276327,14.70430676,18608,155909,13,51,5469,40,1147,1147,65,36,0,358,1968,516,0,6,4,6,6,0,1,0,0,1147,0
ethi13,-18.49592858,14.74857182,18608,155909,13,51,5469,40,1140,1141,276,14,0,361,1975,516,209,6,4,6,6,1.167438149,1,0.01631099,-0.018641133,1141,0.034952123
ethi21,-18.47683749,14.58677619,18608,155909,13,51,5469,40,1161,1162,92,14,0,350,1943,516,342,6,4,6,6,0.38385132,1,0.023301415,-0.034952123,1163,0.058253538
ethi22,-18.45426689,14.583291,18608,155909,13,51,5469,40,1166,1166,461,16,0,352,1955,516,342,6,4,6,6,0.429158807,1,0.008738031,-0.014563384,1166,0.023301415
ethi23,-18.47400069,14.58081574,18608,155909,13,51,5469,40,1165,1163,92,13,0,351,1951,516,207,6,4,6,6,0.767702639,1,0.023301415,0,1164,0.023301415
eya11,-18.17394093,14.25687421,18681,155908,13,51,4888,40,1222,1220,4699,19,0,349,2006,516,315,6,5,6,5,0.19192566,1,0,0,1220,-0.023301415
eya12,-18.16378507,14.20368674,18681,155908,13,51,4888,40,1241,1242,276,15,0,347,2008,516,8,6,5,6,5,0.575776994,1,0.014563384,-0.008738031,1243,0.023301415
eya13,-18.15964498,14.20080029,18681,155908,13,51,4888,40,1241,1242,1290,16,0,347,2008,516,135,6,5,6,5,0.691997826,1,0,0.011650708,1242,-0.011650708
eya21,-18.10655425,14.21329972,18681,155908,13,51,4888,40,1240,1238,65,13,0,351,2030,516,135,6,5,6,5,1.357119322,1,0.029126769,-0.017476061,1240,0.04660283
eya22,-18.08726664,14.24430228,18681,155908,13,51,4888,40,1231,1231,92,15,0,354,2036,516,135,6,5,6,5,0.575776994,1,-0.002912677,-0.002912677,1231,0
eya23,-18.06392599,14.237688,18681,155908,13,51,4888,40,1226,1230,65,13,0,356,2047,516,11,6,5,6,5,1.899967074,1,0.023301415,0,1228,0.023301415
itsa11,-18.48704635,14.95509428,18614,155909,13,51,5469,40,1122,1122,835,36,0,375,2010,516,0,6,4,6,6,0,1,0,0,1122,0
itsa12,-18.48583007,14.99878317,18614,155909,13,51,5469,40,1123,1122,915,17,0,378,2025,516,63,6,4,6,6,0.606922209,1,-0.011650708,0.011650708,1122,-0.023301415
itsa13,-18.50860672,15.01321314,18614,156630,13,51,5843,40,1124,1122,15767,20,0,376,2010,516,135,6,4,6,6,0,1,0,0,1122,-0.023301415
itsa21,-18.39077488,14.66839646,18608,155909,13,41,5469,40,1139,1141,93,15,0,363,1996,516,342,6,4,6,6,0.606922209,1,0,-0.011650708,1141,0.011650708
itsa22,-18.37117149,14.69556589,18608,155909,13,51,5469,40,1138,1138,93,15,0,366,2007,516,315,6,4,6,6,0.19192566,1,0,0,1138,0
itsa23,-18.37836476,14.67562591,18608,155909,13,51,5469,40,1139,1140,65,15,0,365,2003,516,297,6,4,6,6,0.575776994,1,0.008738031,0.008738031,1140,0
kaak11,-17.83535409,18.63559529,18615,155197,13,43,6366,40,1129,1130,92,14,0,569,2983,516,11,6,6,5,4,0.606922209,1,0,-0.011650708,1130,0.011650708
kaak12,-17.79892804,18.6136604,18617,155197,13,43,6366,40,1130,1102,92,12,0,574,2981,516,201,6,6,5,4,4.066831589,2,0.014965133,0.038266547,1102,-0.023301415
kaak13,-17.80592596,18.60989799,18617,155197,13,43,6366,40,1111,1121,261,14,0,570,2976,516,308,6,6,5,4,3.285238028,2,-0.001704982,0.009945726,1119,-0.011650708
kaak21,-17.82150184,18.47049513,18615,155196,13,43,6466,40,1133,1133,93,14,0,583,3052,516,135,6,6,5,4,0.691997826,1,-0.014563384,0.008738031,1133,-0.023301415
kaak22,-17.80973309,18.4534174,18615,155196,13,43,6466,40,1136,1133,458,16,0,586,3071,516,0,6,6,5,4,0.542847753,1,0,0.011650708,1133,-0.011650708
kaak23,-17.77209587,18.49467507,18606,155196,13,43,6466,40,1134,1135,92,14,0,588,3076,516,225,6,6,5,4,0.429158807,1,0,0.011650708,1134,-0.011650708
kang11,-17.92969928,18.669133,18615,155197,13,31,6366,40,1140,1139,185,14,0,560,2945,516,67,6,5,5,4,1.167438149,1,0.01631099,-0.018641133,1141,0.034952123
kang12,-17.92975304,18.68385871,18615,155197,13,31,6366,40,1137,1137,131,13,0,559,2935,516,49,6,5,5,4,4.239776611,2,0.003778608,0.003778608,1132,0
kang13,-17.88072012,18.63709392,18615,155197,13,43,6366,40,1128,1128,131,15,0,563,2950,516,211,6,6,5,4,0.575776994,1,0.008738031,-0.014563384,1128,0.023301415
kang21,-17.65461363,18.40412383,18606,155196,13,43,6466,40,1138,1139,65,14,0,610,3172,516,315,6,6,5,4,0.767702639,1,-0.011650708,0.011650708,1138,-0.023301415
kang22,-17.63538577,18.44040994,18606,155196,13,43,6466,40,1136,1139,65,13,0,611,3177,516,135,6,6,5,4,1.167438149,1,0.006990425,-0.004660283,1138,0.011650708
kang23,-17.62491232,18.44139749,18606,155196,13,43,6466,40,1139,1138,1765,36,0,617,3210,516,72,6,6,5,4,0.429158807,1,0,0.011650708,1138,-0.011650708
KANK11,-17.71342257,18.48628616,18606,155196,13,31,6466,40,1135,1135,1106,36,0,598,3117,516,0,6,6,5,4,0.19192566,1,0,0,1135,0
kank12,-17.71274039,18.47550791,18606,155196,13,31,6466,40,1135,1130,19013,18,0,598,3119,516,252,6,6,5,4,2.574952841,2,0.000803497,-0.034148626,1130,0.034952123
KANK13,-17.73608813,18.47716069,18606,155196,13,31,6466,40,1134,1133,196,15,0,594,3094,516,27,6,6,5,4,0.429158807,1,-0.023301415,0.011650708,1133,-0.034952123
Kank22,-17.90044084,18.57433047,18615,155197,13,43,6366,40,1133,1132,92,14,0,568,2978,516,342,6,5,5,4,0.429158807,1,0,-0.011650708,1132,0.011650708
KANK23,-17.86187241,18.58644621,18615,155197,13,43,6366,40,1129,1129,92,13,0,568,2982,516,162,6,6,5,4,0.542847753,1,0,-0.011650708,1130,0.011650708
karo11,-18.01040995,19.28907228,18606,155918,13,43,6328,40,1146,1146,185,15,0,544,2885,516,45,6,5,5,4,0.38385132,1,0,0,1146,0
karo12,-18.01710863,19.29221938,18606,155918,13,43,6328,40,1148,1147,131,14,0,545,2894,516,0,6,5,5,4,0.575776994,1,0.014563384,-0.008738031,1148,0.023301415
karo21,-17.95338585,19.49944603,18606,155198,13,43,6229,40,1131,1130,65,15,0,554,2940,516,90,6,5,5,4,0.38385132,1,0,0.011650708,1130,-0.011650708
karo22,-17.96000635,19.50807002,18606,155199,13,43,6130,40,1130,1133,65,14,0,555,2954,516,9,6,5,6,5,2.311090946,2,0.010252623,-0.001398085,1131,0.011650708
karo23,-17.94661591,19.50681777,18606,155199,13,31,6130,40,1130,1124,93,13,0,556,2934,516,15,6,5,6,5,3.004111767,2,-0.012910244,0.02204188,1124,-0.034952123
kav11,-17.45452064,16.65166114,18612,154473,13,43,6457,40,1136,1138,93,36,0,568,2903,516,0,6,5,6,5,0,1,0,0,1138,0
kav12,-17.45224028,16.65571843,18612,154473,13,43,6457,40,1136,1138,371,16,0,568,2903,516,252,6,5,6,5,0,1,0,0,1138,0
kav13,-17.45013754,16.66193003,18612,154473,13,43,6457,40,1140,1140,93,15,0,568,2905,516,288,6,5,6,5,0.542847753,1,0,0.011650708,1139,-0.011650708
kav21,-17.74467799,16.56120894,18612,155193,13,43,6475,40,1128,1127,93,15,0,530,2723,516,90,6,5,6,5,0.19192566,1,0,0,1127,0
kav22,-17.75083881,16.57144003,18612,155193,13,41,6475,40,1128,1128,92,14,0,529,2718,516,288,6,5,6,5,0.19192566,1,0,0,1128,0
kav23,-17.76125274,16.59611255,18612,155193,13,41,6475,40,1130,1130,93,15,0,530,2724,516,288,6,5,6,5,0.19192566,1,0,0,1130,0.023301415
kaw11,-17.74031518,16.7611979,18612,155193,13,43,6475,40,1134,1134,93,15,0,542,2783,516,108,6,5,6,5,0.767702639,1,-0.005825354,0.017476061,1134,-0.023301415
kaw12,-17.7241122,16.74778084,18612,155193,13,94,6475,40,1138,1137,3203,18,0,543,2790,516,72,6,5,6,5,0.429158807,1,0,0.011650708,1138,-0.011650708
kaw13,-17.45546598,16.60870467,18612,154473,13,43,6457,40,1138,1137,93,14,0,565,2886,516,225,6,5,6,5,0.575776994,1,0.008738031,-0.014563384,1137,0.023301415
kaw21,-17.45777589,16.62980308,18612,154473,13,43,6457,40,1138,1139,464,16,0,567,2911,516,45,6,5,6,5,0.606922209,1,-0.011650708,0.011650708,1139,-0.023301415
kaw22,-17.46606284,16.61428996,18612,154473,13,43,6457,40,1138,1137,93,14,0,564,2882,516,252,6,5,6,5,0.429158807,1,-0.023301415,0.011650708,1137,-0.034952123
kaw23,-17.71884241,16.73852257,18612,155193,13,41,6475,40,1138,1138,92,15,0,543,2791,516,270,6,5,6,5,0.429158807,1,0,-0.011650708,1138,0.011650708
kuy11,-17.49694303,16.70864611,18612,154473,13,43,6457,40,1143,1141,92,14,0,566,2899,516,278,6,5,6,5,0.959628284,1,0,0,1141,0
kuy12,-17.47644511,16.62314205,18612,154473,13,43,6457,40,1137,1138,93,14,0,562,2877,516,124,6,5,6,5,0.691997826,1,0,0,1138,0
kuy13,-17.48163482,16.6644165,18612,154473,13,43,6457,40,1143,1145,92,13,0,564,2892,516,0,6,5,6,5,0.959628284,1,0,0,1144,0
kuy21,-17.72122812,16.43605876,18612,155192,13,43,6460,40,1121,1123,93,15,0,526,2707,516,225,6,5,6,5,0.19192566,1,0,0,1123,0.04660283
kuy22,-17.73438676,16.42730223,18612,155192,13,43,6460,40,1121,1122,92,14,0,524,2695,516,198,6,5,6,5,0.575776994,1,0.014563384,-0.008738031,1122,0.023301415
kuy23,-17.75684372,16.46328489,18612,155192,13,43,6460,40,1121,1120,92,15,0,524,2695,516,72,6,5,6,5,0.429158807,1,0.023301415,-0.011650708,1121,0.034952123
MAN11,-17.98683412,20.13993933,18606,155200,13,43,6156,40,1094,1095,3409,19,0,573,3060,516,349,6,5,5,4,0.691997826,1,0.002912677,0.002912677,1094,0
MAN12,-18.0128727,20.18525151,18606,155920,13,43,6346,40,1108,1108,92,14,0,576,3083,516,90,6,5,5,4,0.542847753,1,0,-0.011650708,1108,0.011650708
MAN13,-18.02318035,20.17901393,18606,155920,13,94,6346,40,1106,1107,92,14,0,575,3076,516,108,6,5,5,4,0.271423876,1,0,0,1108,0.04660283
MAN21,-17.99989181,20.05612724,18606,155200,13,31,6156,40,1095,1096,7280,19,0,572,3052,516,0,6,5,5,4,0.691997826,1,0,0.011650708,1096,-0.011650708
MAN22,-17.99395424,20.03202745,18606,155200,13,43,6156,40,1101,1099,65535,36,0,574,3056,516,18,6,5,5,4,0.542847753,1,0,0.011650708,1099,-0.011650708
MAN23,-18.00758574,20.02346699,18606,155920,13,94,6346,40,1103,1103,92,15,0,572,3047,516,18,6,5,5,4,0.575776994,1,-0.014563384,0.008738031,1102,-0.023301415
map11,-18.22722948,19.01402696,18615,155918,13,94,6328,40,1161,1162,649,16,0,537,2870,516,288,6,5,5,4,0.429158807,1,0,0.011650708,1162,-0.011650708
map12,-18.2178042,19.02725184,18615,155918,13,94,6328,40,1160,1159,327,16,0,537,2870,516,45,6,5,5,4,0.38385132,1,0,0,1159,0
map13,-18.23304399,19.06458228,18615,155918,13,94,6328,40,1157,1157,27823,20,0,535,2864,516,108,6,5,5,4,0.542847753,1,0,0.011650708,1157,-0.011650708
map21,-18.37741018,19.02992697,18615,155918,13,43,6328,40,1168,1168,93,15,0,532,2864,516,18,6,5,5,4,0,1,0,0,1168,0
map22,-18.37029959,18.99601603,18615,155917,13,43,6369,40,1168,1168,131,15,0,533,2872,516,180,6,5,5,4,0.542847753,1,0,0.011650708,1168,-0.011650708
map23,-18.33148943,19.01574265,18615,155918,13,94,6328,40,1165,1165,1566,18,0,533,2860,516,252,6,5,5,4,0.429158807,1,0,0.011650708,1165,-0.011650708
11-Mar,-17.7592716,18.7041819,18606,155197,13,43,6366,40,1125,1125,131,16,0,565,2951,516,270,6,6,5,4,0.271423876,1,-0.023301415,0.011650708,1125,-0.034952123
12-Mar,-17.74643887,18.65669862,18606,155197,13,31,6366,40,1130,1131,65,14,0,571,2983,516,101,6,6,5,4,0.575776994,1,0.014563384,-0.008738031,1132,0.023301415
13-Mar,-17.7469838,18.65738591,18606,155197,13,31,6366,40,1130,1131,65,14,0,571,2983,516,162,6,6,5,4,0.606922209,1,0,0.011650708,1131,-0.011650708
21-Mar,-17.82435436,18.76172372,18606,155197,13,43,6366,40,1124,1126,92,14,0,559,2934,516,315,6,6,5,3,0.429158807,1,0,0.011650708,1125,-0.011650708
22-Mar,-17.82522118,18.75318223,18617,155197,13,43,6366,40,1127,1127,65,14,0,560,2927,516,18,6,6,5,3,0.959628284,1,0,0,1127,0
23-Mar,-17.81405332,18.74382025,18606,155197,13,43,6366,40,1128,1128,278,15,0,560,2938,516,45,6,6,5,4,0.791329741,1,-0.008738031,0.014563384,1127,-0.023301415
nash11,-17.81846692,16.91620401,18612,155193,13,43,6475,40,1139,1139,92,14,0,542,2785,516,45,6,5,6,5,0.19192566,1,0,0,1139,0
nash12,-17.82011922,16.91512011,18612,155193,13,43,6475,40,1139,1139,1503,18,0,542,2785,516,135,6,5,6,5,0.38385132,1,-0.023301415,0.011650708,1139,-0.034952123
nash13,-17.83171896,16.88579118,18612,155193,13,43,6475,40,1138,1138,65,14,0,539,2771,516,45,6,5,6,5,0.691997826,1,0.011650708,0,1138,0.011650708
nash21,-17.90964605,16.76125694,18612,155193,13,41,6475,40,1133,1133,185,14,0,523,2691,516,225,6,5,6,5,0.606922209,1,-0.023301415,0.023301415,1133,-0.04660283
nash22,-17.8990592,16.76699089,18612,155193,13,41,6475,40,1133,1133,556,17,0,527,2710,516,18,6,5,6,5,0.19192566,1,0,0,1133,0
nash23,-17.91672836,16.80010121,18612,155193,13,41,6475,40,1131,1133,65,15,0,526,2708,516,0,6,5,6,5,0.429158807,1,0.023301415,-0.011650708,1133,0.034952123
ndak11,-17.39284062,16.74119049,18612,154473,13,43,6457,40,1146,1145,184,15,0,578,2953,24,297,6,5,5,4,0.575776994,1,0.014563384,-0.008738031,1146,0.023301415
ndak12,-17.40432479,16.74363899,18612,154473,13,43,6457,40,1145,1145,261,16,0,577,2948,516,315,6,5,5,4,0.271423876,1,0.023301415,-0.011650708,1146,0.034952123
ndak13,-17.40835487,16.7404962,18612,154473,13,43,6457,40,1146,1148,92,15,0,575,2939,516,315,6,5,5,4,0.814271629,1,0,0,1147,0
ndak21,-17.7046546,16.82452594,18612,155193,13,43,6475,40,1138,1139,92,15,0,548,2814,516,0,6,5,6,5,0.606922209,1,0.011650708,-0.011650708,1139,0.023301415
ndak22,-17.70576788,16.82837857,18612,155193,13,43,6475,40,1139,1139,131,15,0,548,2814,516,198,6,5,6,5,0.978632689,1,-0.009320566,0.002330142,1138,-0.011650708
ndak23,-17.6867847,16.81179371,18612,155193,13,43,6475,40,1138,1139,92,15,0,550,2824,516,225,6,5,6,5,0.19192566,1,0,0,1139,0.023301415
nele11,-17.83229975,16.96356732,18612,155193,13,43,6475,40,1142,1143,92,14,0,544,2799,516,288,6,5,6,5,0.19192566,1,0,0,1142,0
nele12,-17.83201175,16.98316011,18612,155193,13,43,6475,40,1142,1143,92,15,0,545,2806,516,315,6,5,6,5,0,1,0,0,1143,0
nele13,-17.82604253,16.98585827,18612,155193,13,43,6475,40,1142,1143,93,15,0,545,2806,516,0,6,5,6,5,0.271423876,1,0,0,1143,0
nele21,-17.9626732,16.78181341,18612,155193,13,41,6475,40,1131,1131,1700,17,0,521,2674,516,243,6,5,6,5,0.606922209,1,0,0.011650708,1131,-0.011650708
nele22,-17.97445931,16.78413067,18612,155193,13,41,6475,40,1131,1131,65,15,0,520,2676,516,72,6,5,6,5,0.429158807,1,0,-0.011650708,1131,0.011650708
nele23,-17.97619249,16.78208571,18612,155193,13,41,6475,40,1130,1130,3317,18,0,519,2673,516,72,6,5,6,5,0.542847753,1,0,0.011650708,1130,-0.011650708
ngh11,-17.52069817,16.69542295,18612,155193,13,43,6475,40,1141,1140,3432,18,0,561,2873,516,252,6,5,6,5,0.271423876,1,0.023301415,-0.011650708,1141,0.034952123
ngh12,-17.53474527,16.67021604,18612,155193,13,43,6475,40,1139,1140,92,14,0,559,2862,516,315,6,5,6,5,0.429158807,1,0,-0.011650708,1140,0.011650708
ngh13,-17.52787202,16.68586915,18612,155193,13,43,6475,40,1139,1139,261,16,0,559,2863,516,225,6,5,6,5,0,1,0,0,1139,0
ngh21,-17.72183218,16.59215543,18612,155193,13,41,6475,40,1128,1128,47849,20,0,534,2745,516,45,6,5,6,5,0.429158807,1,-0.014563384,0.008738031,1128,-0.023301415
ngh22,-17.72157297,16.56892041,18612,155193,13,43,6475,40,1128,1128,92,15,0,533,2740,516,270,6,5,6,5,0.19192566,1,0,0,1128,0
ngh23,-17.73630479,16.57406225,18612,155193,13,41,6475,40,1128,1129,92,14,0,532,2733,516,281,6,5,6,5,0.858317614,1,0,0,1129,0
nsi11,-17.97569935,19.51233081,18606,155199,13,43,6130,40,1128,1128,93,15,0,555,2945,516,0,6,5,6,5,0.19192566,1,0,0,1128,0
nsi12,-17.97332971,19.55016491,18606,155199,13,43,6130,40,1110,1109,92,14,0,553,2932,516,281,6,5,6,5,0.959628284,1,0,0,1110,0
nsi13,-17.96672425,19.55967694,18606,155199,13,43,6130,40,1111,1111,65,14,0,555,2941,516,342,6,5,6,5,0.606922209,1,0.023301415,-0.011650708,1111,0.034952123
nsi21,-17.94571987,19.30859523,18606,155198,13,94,6229,40,1132,1131,556,16,0,545,2892,516,337,6,6,5,4,0.429158807,1,-0.023301415,0.011650708,1131,-0.034952123
nsi22,-17.96149576,19.27579148,18606,155198,13,43,6229,40,1138,1139,65535,22,0,543,2879,516,315,6,6,5,4,0.429158807,1,0,0.011650708,1138,-0.011650708
nsi23,-17.93283681,19.27788313,18606,155198,13,43,6229,40,1124,1130,1669,18,0,540,2862,516,11,6,6,5,4,0.542847753,1,0,-0.011650708,1130,0.011650708
OKA11,-17.72583345,13.67305994,18672,155187,11,41,4584,14,1281,1280,92,13,1,329,2060,516,9,4,5,6,5,2.238218546,2,-0.008224029,0.003426679,1279,-0.011650708
OKA12,-17.73808671,13.64720437,18669,155187,5,41,4584,14,1317,1360,261,12,3,329,2122,516,334,4,5,5,5,21.75627899,5,-0.110095277,0.076316044,1357,-0.186411321
OKA13,-17.71589672,13.67064143,18672,155187,11,41,4584,14,1254,1261,461,14,0,325,2029,516,337,4,5,6,5,3.094708204,2,0.00562448,-0.006026228,1259,0.011650708
oka21,-17.61907627,13.67659966,18672,155187,11,41,4584,14,1051,1054,65,12,0,294,1832,516,15,4,5,6,5,4.549893379,2,0,0,1055,0
oka22,-17.5564934,13.68269379,18672,155187,11,41,4584,14,990,1057,65,10,0,286,1779,516,216,4,5,5,5,29.48542786,5,0.300231725,0.05556687,1067,0.244664863
oka23,-17.57544539,13.67962312,18672,155187,11,41,4584,14,1007,1008,93,13,0,288,1774,516,45,4,5,5,5,1.727330923,1,0.004481041,0.016131749,1008,-0.011650708
okal11,-18.49119087,16.41364361,18614,155912,13,51,6440,40,1099,1099,65,14,0,455,2334,516,225,6,4,6,6,1.343479633,1,-0.002912677,-0.002912677,1098,0
okal12,-18.49594198,16.41162403,18614,155912,13,51,6440,40,1095,1093,92,14,0,455,2334,516,180,6,4,6,6,0.814271629,1,0,0.011650708,1093,-0.011650708
okal13,-18.49441018,16.41411695,18614,155912,13,51,6440,40,1095,1095,1634,17,0,455,2334,516,207,6,4,6,6,0.858317614,1,-0.023301415,0.011650708,1095,-0.034952123
okal21,-18.481986,16.36201903,18614,155912,13,51,6440,40,1089,1092,4607,36,0,449,2303,516,0,6,4,6,6,0,1,0,0,1092,0
okal22,-18.48551097,16.39315715,18614,155912,13,94,6440,40,1084,1092,392,36,0,451,2314,516,0,6,4,6,6,0,1,0,0,1092,0
okal23,-18.47902573,16.36545212,18614,155912,13,51,6440,40,1089,1092,276,36,0,449,2303,516,0,6,4,6,6,0,1,0,0,1092,0
okam11,-17.96839779,14.71768351,18625,155189,12,51,5586,40,1118,1118,93,15,0,403,2183,516,117,6,5,6,5,0.606922209,1,-0.011650708,0.011650708,1118,-0.023301415
OKAM12,-17.98048454,14.71032965,18625,155189,12,51,5586,40,1119,1121,92,14,0,401,2175,516,101,6,5,6,5,0.791329741,1,0.014563384,-0.008738031,1120,0.023301415
OKAM13,-18.00310118,14.66522597,18608,155909,13,51,5469,40,1120,1122,464,15,0,393,2140,516,239,6,5,6,5,0.271423876,1,0,0.011650708,1122,-0.011650708
OKAM21,-17.97795037,14.32301519,18681,155188,13,51,5152,40,1194,1194,3595,19,0,363,2056,516,90,6,5,6,5,0.271423876,1,0,0.011650708,1194,-0.011650708
okam22,-18.01106301,14.33778054,18681,155908,13,51,4888,40,1194,1194,278,16,0,363,2053,516,45,6,5,6,5,0.429158807,1,0,0.011650708,1194,-0.011650708
OKAM23,-17.96339961,14.30097763,18681,155188,13,51,5152,40,1198,1199,92,15,0,362,2055,516,225,6,5,6,5,0.575776994,1,0.014563384,-0.008738031,1199,0.023301415
okan11,-18.83443763,14.08865293,18642,156628,11,41,4709,14,1411,1409,65535,20,2,309,1880,516,58,4,4,6,7,2.560607672,2,-0.023301415,0,1409,-0.023301415
okan12,-18.82271511,14.166945,18609,156628,11,41,4709,14,1356,1364,92,12,1,312,1870,516,48,4,4,6,6,3.502314568,2,-0.021596434,0.013355689,1364,-0.034952123
okan13,-18.78497307,14.11017541,18609,156628,11,41,4709,14,1443,1442,1020,15,0,319,1936,516,90,4,4,6,6,2.853179932,2,0,0.023301415,1443,-0.023301415
okan21,-18.73090803,14.04100167,18642,156628,11,41,4709,14,1463,1453,65,14,1,317,1945,516,194,4,4,6,6,2.067102671,2,-0.003584833,0.008065875,1454,-0.011650708
okan22,-18.68607946,13.99875324,18609,156627,11,41,4135,14,1489,1489,185,12,0,321,1985,516,72,4,4,6,6,7.34601593,3,0.018228775,0.041530192,1480,-0.023301415
okan23,-18.75052213,14.07787252,18642,156628,11,41,4709,14,1433,1433,65,13,0,316,1924,516,45,4,4,6,6,1.535405278,1,-0.011650708,0.011650708,1433,-0.023301415
olmp11,-18.41893782,14.94662554,18608,155909,13,51,5469,40,1118,1118,92,36,0,381,2046,516,270,6,4,6,6,0.271423876,1,0,0.011650708,1118,-0.011650708
olmp12,-18.41239149,14.93870061,18608,155909,13,51,5469,40,1118,1119,5437,19,0,381,2046,516,270,6,4,6,6,0.271423876,1,0.023301415,-0.011650708,1119,0.034952123
OLMP13,-18.38363749,14.97153487,18608,155909,13,41,5469,40,1115,1117,92,15,0,385,2065,516,0,6,4,6,6,0.19192566,1,0,0,1117,0
olmp21,-18.41788246,14.65845521,18608,155909,13,51,5469,40,1144,1146,92,13,0,359,1976,516,146,6,4,6,6,1.033551335,1,-0.006990425,0.004660283,1145,-0.011650708
olmp22,-18.42547746,14.66211771,18608,155909,13,51,5469,40,1146,1146,1106,17,0,359,1975,516,63,6,4,6,6,0.606922209,1,-0.011650708,0.011650708,1146,-0.023301415
olmp23,-18.45969526,14.67639295,18608,155909,13,51,5469,40,1148,1148,523,16,0,359,1976,516,225,6,4,6,6,0.858317614,1,0.009320566,-0.002330142,1149,0.011650708
olwi11,-18.32697248,15.61448666,18626,155911,13,51,6277,40,1095,1095,1577,16,0,420,2185,516,135,6,4,6,6,0.606922209,1,0,0.023301415,1095,-0.023301415
olwi12,-18.30372153,15.64965039,18626,155911,13,8,6277,40,1096,1098,65,15,0,423,2196,516,315,6,4,6,6,0.791329741,1,0.008738031,-0.014563384,1098,0.023301415
olwi13,-18.31494026,15.56688318,18626,155911,13,51,6277,40,1095,1096,553,16,0,419,2180,516,342,6,4,6,6,0.19192566,1,0,0,1095,0
olwi21,-18.2618542,15.58778009,18626,155911,13,51,6277,40,1099,1098,784,16,0,425,2207,516,162,6,4,6,6,1.28747642,1,0.006990425,0.018641133,1098,-0.011650708
olwi22,-18.29890952,15.64902426,18626,155911,13,8,6277,40,1095,1097,65,36,0,425,2207,516,252,6,4,6,6,1.213844419,1,-0.009320566,0.002330142,1097,-0.011650708
olwi23,-18.28676875,15.57448793,18626,155911,13,51,6277,40,1095,1095,131,14,0,423,2198,516,31,6,4,6,6,0.429158807,1,0,-0.011650708,1096,0.011650708
ombo11,-18.49054184,16.36209821,18614,155912,13,51,6440,40,1087,1092,19443,36,0,449,2303,516,0,6,4,6,6,0,1,0,0,1092,0
ombo12,-18.49836489,16.37050213,18614,155912,13,8,6440,40,1088,1092,523,36,0,449,2303,516,0,6,4,6,6,0,1,0,0,1092,0
ombo13,-18.49614211,16.36173089,18614,155912,13,51,6440,40,1089,1092,1307,36,0,449,2303,516,0,6,4,6,6,0,1,0,0,1092,0
ombo21,-18.4404019,16.51395582,18626,155913,13,8,6448,40,1093,1094,93,15,0,462,2368,516,342,6,4,6,6,0.429158807,1,0.023301415,-0.011650708,1095,0.034952123
ombo22,-18.44077256,16.5152592,18626,155913,13,8,6448,40,1093,1095,93,15,0,462,2368,516,180,6,4,6,6,0.429158807,1,-0.023301415,0.011650708,1094,-0.034952123
ombo23,-18.44663825,16.51667782,18626,155913,13,8,6448,40,1088,1092,65,15,0,461,2366,516,90,6,4,6,6,0.429158807,1,0.023301415,-0.011650708,1093,0.034952123
omi11,-19.18667611,14.05754932,18609,157348,11,51,4772,14,871,891,92,11,0,210,1247,516,168,4,4,6,6,3.84330821,2,0.124572948,0.008065875,887,0.116507076
omi12,-19.15485171,14.0631605,18642,157348,11,51,4772,14,895,886,185,13,1,215,1281,516,260,4,4,6,7,3.285238028,2,-0.01398085,0.020971274,886,-0.034952123
omi13,-19.16100319,14.03341125,18642,157348,11,51,4772,14,877,876,93,13,0,210,1258,516,278,4,4,6,7,1.119109273,1,0,0.011650708,876,-0.011650708
omi21,-19.238824,14.21476054,18609,157348,11,51,4772,14,990,997,92,11,1,253,1492,516,113,4,4,6,6,18.73611259,5,0.141672611,0.01351482,1011,0.12815778
omi22,-19.28642351,14.20915828,18609,157348,11,51,4772,14,959,956,92,13,2,246,1452,516,328,4,4,6,7,1.582659483,1,-0.009320566,-0.009320566,955,0
omi23,-19.30143822,14.19297488,18609,157348,11,51,4772,14,985,938,184,15,1,247,1458,516,294,4,4,6,7,1.119109273,1,-0.023301415,0.04660283,938,-0.069904245
omus11,-18.43782165,14.82664713,18608,155909,13,51,5469,40,1120,1122,93,36,0,371,2006,516,0,6,4,6,6,0,1,0,0,1122,0
omus12,-18.43240521,14.85008332,18608,155909,13,51,5469,40,1122,1122,1669,36,0,372,2011,516,0,6,4,6,6,0,1,0,0,1122,0
omus13,-18.42968244,14.83320951,18608,155909,13,51,5469,40,1120,1122,2026,18,0,371,2011,516,18,6,4,6,6,0.429158807,1,0,0.011650708,1122,-0.011650708
omus21,-18.53940273,14.97711715,18614,156629,13,51,5345,40,1123,1123,93,15,0,373,2003,516,135,6,4,6,6,0.767702639,1,-0.005825354,0.017476061,1123,-0.023301415
omus22,-18.49975446,14.95392098,18614,155909,13,51,5469,40,1122,1124,92,14,0,375,2013,516,270,6,4,6,6,0.691997826,1,0,-0.011650708,1124,0.011650708
omus23,-18.50794458,14.9435888,18614,156629,13,51,5345,40,1123,1123,92,13,0,375,2012,516,0,6,4,6,6,0.606922209,1,0,0.011650708,1123,-0.011650708
onan12,-18.06087121,14.38125337,18608,155908,13,51,4888,40,1191,1191,65,15,0,364,2050,516,45,6,5,6,5,0.429158807,1,0,0.011650708,1191,-0.011650708
onan13,-18.0303288,14.43810452,18608,155908,13,51,4888,40,1168,1167,65,14,0,370,2069,516,72,6,5,6,5,0.691997826,1,0,-0.011650708,1168,0.011650708
onan22,-18.10905073,14.39018619,18681,155908,13,51,4888,40,1192,1191,92,14,0,362,2040,516,270,6,5,6,5,0.575776994,1,0.020388739,-0.002912677,1192,0.023301415
onan23,-18.09952371,14.42302542,18608,155908,13,51,4888,40,1191,1192,92,14,0,367,2068,516,216,6,5,6,5,1.119109273,1,0.023301415,0,1192,0.023301415
ondu11,-18.87007861,14.47308552,18673,156628,5,51,4709,40,1255,1293,92,11,1,327,1879,516,180,6,4,6,6,15.62986755,5,0.108493917,0.015288259,1291,0.093205661
ondu12,-18.91478369,14.50707944,18681,156629,13,51,5345,40,1243,1240,185,14,0,326,1856,516,135,6,4,6,6,0.767702639,1,-0.005825354,0.017476061,1240,-0.023301415
ondu13,-18.92357105,14.49582607,18681,156628,13,51,4709,40,1242,1241,184,15,0,324,1846,516,153,6,4,7,7,0.606922209,1,0.023301415,-0.011650708,1241,0.034952123
ondu21,-18.43727496,14.2568637,18673,155908,5,51,4888,40,1284,1290,185,12,0,339,1963,516,256,6,4,6,6,9.270227432,3,-0.025211368,0.03304217,1287,-0.058253538
ondu22,-18.43048351,14.23629611,18681,155908,13,51,4888,40,1252,1252,369,15,0,333,1933,516,45,6,4,6,6,1.151553988,1,0,0,1252,0
ondu23,-18.41937301,14.23113951,18681,155908,13,51,4888,40,1251,1250,369,15,0,333,1937,516,354,6,4,6,6,1.033551335,1,-0.011650708,0.023301415,1249,-0.034952123
OSHI11,-18.44422583,14.7602342,18608,155909,13,51,5469,40,1130,1131,65535,22,0,365,1992,516,153,6,4,6,6,0.606922209,1,-0.005825354,-0.005825354,1131,0
oshi12,-18.39601717,14.80977673,18608,155909,13,51,5469,40,1124,1125,93,15,0,373,2023,516,180,6,4,6,6,0.606922209,1,0,-0.011650708,1125,0.011650708
oshi13,-18.3913149,14.80259073,18608,155909,13,51,5469,40,1125,1127,65,15,0,374,2031,516,288,6,4,6,6,0.429158807,1,0,-0.011650708,1127,0.011650708
oshi21,-18.49002322,14.85379716,18608,155909,13,51,5469,40,1124,1125,185,15,0,368,1993,516,117,6,4,6,6,0.978632689,1,0.009320566,-0.002330142,1125,0.011650708
oshi22,-18.4912001,14.90154853,18614,155909,13,51,5469,40,1123,1124,92,15,0,373,2007,516,234,6,4,6,6,0.429158807,1,0,0.011650708,1123,-0.011650708
OSHI23,-18.50146645,14.8343408,18608,156629,13,51,5345,40,1125,1125,28473,21,0,365,1981,516,72,6,4,6,6,0.791329741,1,0,-0.011650708,1126,0.011650708
othje11,-18.4491536,13.90625959,18642,155907,11,41,4228,14,1594,1622,371,12,3,344,2156,516,269,4,4,6,6,19.96119118,5,0.023301415,0.12815778,1618,-0.104856372
OTHJE12,-18.4290191,13.86879679,18609,155907,11,41,4228,14,1661,1667,92,10,2,351,2249,516,171,4,4,6,6,21.0707798,5,0.113901317,0.090599902,1684,0.023301415
othje13,-18.40066156,13.8961446,18609,155907,11,41,4228,14,1536,1531,278,14,1,339,2121,516,42,4,4,6,6,2.610471249,2,-0.020971274,0.025631556,1528,-0.04660283
othje21,-18.51259581,13.88365816,18609,156627,11,41,4135,14,1686,1671,369,12,2,348,2221,516,181,4,4,6,6,15.38401222,5,0.037046924,0.0020948,1682,0.034952123
othje22,-18.50843529,13.88459638,18609,156627,11,41,4135,14,1686,1729,93,11,2,348,2221,516,270,4,4,6,6,11.33824253,4,0.095500112,-0.102561921,1730,0.198062032
othje23,-18.55969546,13.95060421,18642,156627,11,41,4135,14,1518,1519,1382,16,2,329,2065,516,204,4,4,6,6,0.691997826,1,0,0.011650708,1518,-0.011650708
otje11,-17.62273409,14.25281113,18608,155188,13,51,5152,40,1227,1236,327,15,0,372,2121,516,45,6,5,6,5,1.167438149,1,0.006990425,-0.004660283,1236,0.011650708
otje12,-17.67567186,14.25205255,18608,155188,13,51,5152,40,1210,1210,327,16,0,368,2093,516,11,6,5,6,5,0.19192566,1,0,0,1210,-0.023301415
otje13,-17.6627631,14.22814328,18672,155188,11,94,5152,40,1209,1210,5843,18,0,365,2083,516,63,6,5,6,5,0.606922209,1,-0.011650708,0.011650708,1210,-0.023301415
otje21,-17.80047077,14.27228676,18681,155188,13,51,5152,40,1208,1208,523,17,0,367,2086,516,135,6,5,6,5,0.271423876,1,0,0.011650708,1208,-0.011650708
otje22,-17.8120153,14.29344181,18681,155188,13,51,5152,40,1205,1207,65,14,0,368,2093,516,315,6,5,6,5,0.38385132,1,0,-0.011650708,1207,0.011650708
otje23,-17.77245156,14.27336105,18681,155188,13,51,5152,40,1210,1208,1382,17,0,367,2086,516,113,6,5,6,5,0.691997826,1,0,0.011650708,1208,-0.011650708
otjh11,-18.1759604,14.19266903,18681,155908,13,51,4888,40,1245,1246,92,14,0,347,2013,516,8,6,5,6,5,0.814271629,1,0,0,1246,0
otjh12,-18.14391524,14.12425285,18681,155908,13,51,4888,40,1275,1273,92,14,0,349,2050,516,90,6,5,6,6,0.542847753,1,0.023301415,-0.011650708,1273,0.034952123
otjh13,-18.15074008,14.10399008,18681,155908,13,51,4888,40,1286,1284,131,14,0,347,2043,516,135,6,5,6,6,0.691997826,1,0,0.011650708,1285,-0.011650708
otjh21,-18.07312968,14.16798277,18673,155908,5,51,4888,40,1264,1266,927,15,0,354,2059,516,101,6,5,6,5,2.853179932,2,0.004419234,0.016069941,1266,-0.011650708
otjh22,-18.05479433,14.2006046,18681,155908,13,51,4888,40,1243,1245,92,13,0,355,2043,516,67,6,5,6,5,0.767702639,1,0.017476061,-0.005825354,1245,0.023301415
otjh23,-18.06749304,14.18019132,18673,155908,5,51,4888,40,1286,1317,93,11,0,358,2082,516,269,6,5,6,5,18.99967003,5,-0.063383847,-0.075034559,1306,0.011650708
otjj11,-18.0734986,13.94182415,18601,155907,13,94,4228,14,1313,1288,92,13,1,344,2062,516,282,6,5,6,6,3.147814751,2,0.009761403,0.021412112,1289,-0.011650708
otjj12,-18.07604517,13.98184619,18681,155907,13,41,4228,14,1352,1355,92,14,0,348,2105,516,278,6,5,6,6,0.978632689,1,0.011650708,-0.011650708,1355,0.023301415
otjj13,-18.13417233,13.9670945,18601,155907,13,51,4228,14,1353,1355,65,13,0,345,2080,516,225,6,5,6,6,1.033551335,1,-0.011650708,0,1355,-0.011650708
otjj21,-18.19076097,13.95937772,18601,155907,13,41,4228,14,1398,1437,65,11,2,347,2119,516,33,6,4,6,6,9.598201752,3,0.054866273,-0.049990099,1436,0.104856372
otjj22,-18.17235648,14.00106906,18601,155908,13,94,4888,14,1351,1359,65,13,0,346,2078,516,54,6,5,6,6,1.213844419,1,0.009320566,-0.025631556,1359,0.034952123
otjj23,-18.14332255,13.95238639,18601,155907,13,41,4228,14,1363,1360,65,13,0,344,2082,516,288,6,5,6,6,1.357119322,1,-0.005825354,-0.005825354,1360,0
ouru11,-18.77722897,14.34734053,18673,156628,5,94,4709,40,1335,1390,65,11,3,329,1917,516,313,6,4,6,6,8.99597168,3,0.139808491,-0.244664863,1392,0.384473354
ouru12,-18.79753962,14.44877052,18681,156628,13,51,4709,40,1234,1229,64844,21,0,326,1863,516,90,6,4,6,6,1.085695505,1,-0.023301415,0.023301415,1230,-0.04660283
ouru13,-18.77925214,14.42196513,18681,156628,13,51,4709,40,1243,1245,92,14,0,325,1861,516,162,6,4,6,6,0.429158807,1,0.023301415,-0.011650708,1245,0.034952123
ouru21,-18.74672478,14.28129988,18673,156628,5,51,4709,14,1333,1329,92,11,1,324,1902,516,33,6,4,6,6,10.42776489,4,-0.014912906,0.054991338,1319,-0.069904245
ouru22,-18.70746846,14.36426493,18681,156628,13,51,4709,14,1250,1251,92,13,0,325,1873,516,76,6,4,6,6,1.213844419,1,0.01398085,0.002330142,1251,0.011650708
ouru23,-18.73208685,14.2994152,18681,156628,13,51,4709,14,1286,1283,92,13,0,321,1868,516,0,6,4,6,6,1.085695505,1,0,0,1283,0
OVI11,-18.02867285,13.99523761,18681,155907,13,41,4228,14,1336,1335,93,13,1,353,2113,516,255,6,5,6,6,2.319046497,2,0.010965372,-0.000685336,1335,0.011650708
Ovi12,-18.02026704,14.07397024,18681,155908,13,41,4888,40,1295,1296,92,14,0,354,2088,516,27,6,5,6,6,1.167438149,1,0.011650708,0,1295,0.011650708
OVI13,-18.06222715,14.04353794,18673,155908,5,41,4888,40,1343,1353,1242,15,1,356,2141,516,49,6,5,6,6,9.124041557,3,-0.113995031,0.037464172,1351,-0.151459202
OVI14,-18.00519213,14.07423759,18681,155908,13,41,4888,40,1293,1291,22617,20,0,354,2087,516,180,6,5,6,6,0.767702639,1,-0.011650708,0.011650708,1291,-0.023301415
OVI21,-18.19636168,14.04529131,18673,155908,5,41,4888,14,1330,1334,654,14,2,344,2057,516,329,6,5,6,6,7.573163509,3,-0.007935077,0.050318461,1339,-0.058253538
ovi22,-18.18470379,14.11021519,18681,155908,13,51,4888,14,1281,1282,92,14,0,345,2028,516,124,6,5,6,6,0.767702639,1,0,0,1282,0
OVI23,-18.19185538,14.06776215,18673,155908,5,41,4888,14,1317,1325,276,13,1,346,2058,516,29,6,5,6,6,3.400931358,2,0.004660283,0.01631099,1325,-0.011650708
ovi24,-18.18657091,14.15322343,18681,155908,13,51,4888,14,1262,1262,28435,21,0,345,2016,516,270,6,5,6,6,0.271423876,1,0,0,1261,-0.023301415
sam11,-17.996774,19.26427278,18606,155198,13,43,6229,40,1143,1144,185,16,0,543,2882,516,315,6,6,5,4,0.271423876,1,0,-0.011650708,1144,0.011650708
sam12,-17.99784573,19.24567753,18606,155198,13,43,6229,40,1141,1144,65,14,0,541,2870,516,45,6,6,6,5,0.791329741,1,-0.006990425,0.004660283,1143,-0.011650708
sam13,-17.95757642,19.2425402,18606,155198,13,43,6229,40,1135,1135,11057,19,0,541,2866,516,225,6,6,6,5,0.858317614,1,0.009320566,-0.002330142,1136,0.011650708
sam21,-18.02994095,19.48494426,18606,155918,13,43,6328,40,1139,1138,276,15,0,553,2939,516,236,6,5,5,4,1.357119322,1,-0.003584833,0.008065875,1139,-0.011650708
sam22,-18.04748359,19.45079756,18606,155918,13,43,6328,40,1145,1146,184,15,0,550,2925,516,180,6,5,5,4,0.814271629,1,0,0.011650708,1146,-0.011650708
sam23,-18.05079093,19.45128266,18606,155918,13,43,6328,40,1147,1147,9675,19,0,550,2928,516,90,6,5,5,4,0.959628284,1,-0.008738031,0.014563384,1146,-0.023301415
sham11,-18.15247876,20.95020012,18687,155921,13,43,6340,40,1083,1082,1382,17,0,586,3176,516,270,6,5,5,3,0.542847753,1,0,0.011650708,1082,-0.011650708
sham12,-18.11248185,20.97846052,18687,155921,13,43,6340,40,1084,1084,1751,16,0,590,3204,516,207,6,5,5,3,1.498987317,1,0,0.011650708,1085,-0.011650708
sham13,-18.13906465,20.98355799,18687,155921,13,43,6340,40,1085,1085,92,15,0,587,3186,516,270,6,5,5,3,0,1,0,0,1085,0
sham21,-18.14024212,20.81156234,18606,155921,13,43,6340,40,1086,1086,523,16,0,588,3181,516,315,6,6,5,4,0.38385132,1,0,0.011650708,1086,-0.011650708
sham23,-18.1761696,20.85236175,18606,155921,13,43,6340,40,1086,1086,553,16,0,585,3167,516,180,6,5,5,4,0.271423876,1,0,-0.011650708,1086,0.011650708
twah11,-17.95406671,16.71153764,18612,155193,13,41,6475,40,1126,1126,737,16,0,517,2664,516,256,6,5,6,5,0.959628284,1,0.002912677,0.002912677,1126,0
twah12,-17.96396078,16.70946888,18612,155193,13,41,6475,40,1126,1127,92,15,0,517,2653,516,0,6,5,6,5,0.271423876,1,0,0.011650708,1126,-0.011650708
twah13,-17.96319281,16.67774919,18612,155193,13,41,6475,40,1125,1126,65,15,0,513,2640,516,0,6,5,6,5,0,1,0,0,1126,0.04660283
twah21,-17.90427705,16.97139222,18612,155193,13,43,6475,40,1139,1140,276,15,0,537,2769,516,90,6,5,6,5,0.19192566,1,-0.002912677,-0.002912677,1140,0
twah22,-17.91887836,16.97328492,18612,155193,13,43,6475,40,1138,1138,1198,36,0,536,2756,516,225,6,5,6,5,0.19192566,1,0,0,1137,-0.023301415
twah23,-17.91416617,16.97262883,18612,155193,13,43,6475,40,1138,1137,92,15,0,537,2761,516,288,6,5,6,5,0.38385132,1,0.023301415,-0.011650708,1138,0.034952123
wang11,-17.73319968,16.80576532,18612,155193,13,43,6475,40,1139,1138,184,14,0,545,2800,516,31,6,5,6,5,0.429158807,1,0.023301415,-0.011650708,1139,0.034952123
wang12,-17.73811185,16.81019896,18612,155193,13,43,6475,40,1138,1138,461,15,0,543,2787,516,342,6,5,6,5,0.429158807,1,-0.023301415,0.011650708,1137,-0.034952123
wang13,-17.43947976,16.70764463,18612,154473,13,43,6457,40,1138,1140,93,36,0,571,2917,516,0,6,5,6,5,0,1,0,0,1140,0
wang21,-17.44379696,16.7319134,18612,154473,13,43,6457,40,1144,1145,92,15,0,571,2923,516,18,6,5,6,5,0.429158807,1,0,0.011650708,1144,-0.011650708
wang22,-17.45190999,16.72028994,18612,154473,13,43,6457,40,1143,1144,93,15,0,571,2923,516,270,6,5,6,5,0.542847753,1,0,-0.011650708,1144,0.011650708
wang23,-17.73231406,16.81599437,18612,155193,13,41,6475,40,1136,1137,588,16,0,544,2797,516,11,6,5,6,5,0.691997826,1,0,0,1137,0
